implementation,variant,cell,restarts,ttft_ms,itl_ms,total_request_latency_ms,output_tokens_per_second,requests_per_second,peak_gpu_memory_bytes,failures,timeouts
custom-server,complete,in1024-out256-c1,3,536.174,46.04,12325.531,20.714,0.081,15019802624,0,0
custom-server,complete,in1024-out256-c32,3,8507.927,62.954,24552.48,250.097,0.977,15019802624,0,0
custom-server,complete,in1024-out256-c8,3,2740.911,53.968,16501.675,123.859,0.484,15019802624,0,0
custom-server,complete,in128-out128-c1,3,69.231,39.858,5138.606,24.754,0.193,13771997184,0,0
custom-server,complete,in128-out128-c32,3,3057.27,45.91,8879.832,344.812,2.694,13774094336,0,0
custom-server,complete,in128-out128-c8,3,188.157,43.131,5660.574,178.986,1.398,13771997184,0,0
custom-server,complete,in512-out128-c1,3,273.873,42.331,5653.895,22.518,0.176,13774094336,0,0
custom-server,complete,in512-out128-c32,3,3689.159,53.361,10479.205,292.509,2.285,15019802624,0,0
custom-server,complete,in512-out128-c8,3,1100.131,47.471,7138.112,142.812,1.116,15019802624,0,0
custom-server,no_continuous_batching,in1024-out256-c1,3,535.031,45.483,12137.471,21.034,0.082,13614710784,0,0
custom-server,no_continuous_batching,in1024-out256-c32,3,29495.608,45.788,41149.137,21.786,0.085,13614710784,26,26
custom-server,no_continuous_batching,in1024-out256-c8,3,24373.758,45.544,35958.412,21.085,0.082,13614710784,3,3
custom-server,no_continuous_batching,in128-out128-c1,3,67.793,40.027,5150.6,24.695,0.193,13612613632,0,0
custom-server,no_continuous_batching,in128-out128-c32,3,28478.648,40.067,33558.103,24.818,0.194,13612613632,20,20
custom-server,no_continuous_batching,in128-out128-c8,3,18097.844,40.056,23194.986,24.816,0.194,13612613632,0,0
custom-server,no_continuous_batching,in512-out128-c1,3,281.787,42.347,5663.436,22.474,0.176,13614710784,0,0
custom-server,no_continuous_batching,in512-out128-c32,3,30011.512,42.343,35397.554,23.468,0.183,13614710784,20,20
custom-server,no_continuous_batching,in512-out128-c8,3,19699.016,42.417,25105.234,23.159,0.181,13614710784,0,0
custom-server,no_cuda_graph,in1024-out256-c1,5,530.34,60.546,16022.047,15.928,0.062,13555990528,0,0
custom-server,no_cuda_graph,in1024-out256-c32,5,9403.434,69.964,27273.961,225.0,0.879,13555990528,0,0
custom-server,no_cuda_graph,in1024-out256-c8,5,2726.096,64.022,19111.277,106.929,0.418,13555990528,0,0
custom-server,no_cuda_graph,in128-out128-c1,5,67.418,60.738,7856.287,16.226,0.127,12308185088,0,0
custom-server,no_cuda_graph,in128-out128-c32,5,4254.528,64.449,12440.485,246.458,1.925,12310282240,0,0
custom-server,no_cuda_graph,in128-out128-c8,5,191.324,63.708,8321.909,122.399,0.956,12308185088,0,0
custom-server,no_cuda_graph,in512-out128-c1,5,277.629,59.929,7921.162,16.099,0.126,12310282240,0,0
custom-server,no_cuda_graph,in512-out128-c32,5,4349.233,63.876,12514.986,244.087,1.907,13555990528,0,0
custom-server,no_cuda_graph,in512-out128-c8,5,1104.941,63.259,9141.408,111.655,0.872,13555990528,0,0
custom-server,no_prefix_reuse,in1024-out256-c1,3,730.598,45.604,12387.015,20.613,0.081,15019802624,0,0
custom-server,no_prefix_reuse,in1024-out256-c32,3,20323.761,63.02,41393.094,157.688,0.616,15019802624,0,0
custom-server,no_prefix_reuse,in1024-out256-c8,3,4929.104,53.538,18581.09,110.019,0.43,15019802624,0,0
custom-server,no_prefix_reuse,in128-out128-c1,3,68.981,39.957,5146.281,24.655,0.193,13771997184,0,0
custom-server,no_prefix_reuse,in128-out128-c32,3,3537.012,46.015,9387.283,325.869,2.546,15017705472,0,0
custom-server,no_prefix_reuse,in128-out128-c8,3,219.0,43.233,5708.517,178.419,1.394,13771997184,0,0
custom-server,no_prefix_reuse,in512-out128-c1,3,255.133,42.558,5666.286,22.402,0.175,15019802624,0,0
custom-server,no_prefix_reuse,in512-out128-c32,3,7320.279,53.278,15782.299,206.167,1.611,15019802624,0,0
custom-server,no_prefix_reuse,in512-out128-c8,3,1571.214,47.951,7667.734,132.98,1.039,15019802624,0,0
custom-server,no_triton,in1024-out256-c1,3,246.802,84.583,22250.861,11.488,0.045,13558087680,0,0
custom-server,no_triton,in1024-out256-c32,3,553.046,539.437,138613.989,29.533,0.115,13560184832,16,16
custom-server,no_triton,in1024-out256-c8,3,1129.479,299.194,77990.956,26.249,0.103,13560184832,0,0
custom-server,no_triton,in128-out128-c1,3,82.894,75.917,9804.627,13.011,0.102,12308185088,0,0
custom-server,no_triton,in128-out128-c32,3,27011.603,414.11,79617.832,38.599,0.302,12310282240,0,0
custom-server,no_triton,in128-out128-c8,3,303.423,236.343,30388.795,33.661,0.263,12310282240,0,0
custom-server,no_triton,in512-out128-c1,3,206.249,79.097,10304.228,12.381,0.097,12310282240,0,0
custom-server,no_triton,in512-out128-c32,3,30309.473,466.757,89593.002,34.252,0.268,13558087680,0,0
custom-server,no_triton,in512-out128-c8,3,700.615,260.369,33753.356,30.301,0.237,13558087680,0,0
vllm,complete,in1024-out256-c1,3,57.128,28.197,7248.277,35.091,0.137,20814233600,0,0
vllm,complete,in1024-out256-c32,3,4047.338,30.928,11953.091,512.916,2.004,20870856704,0,0
vllm,complete,in1024-out256-c8,3,180.815,30.045,7838.015,260.044,1.016,20870856704,0,0
vllm,complete,in128-out128-c1,3,30.743,28.072,3593.658,33.387,0.261,20572012544,0,0
vllm,complete,in128-out128-c32,3,1959.245,29.646,5732.108,532.164,4.158,20774387712,0,0
vllm,complete,in128-out128-c8,3,86.199,28.984,3765.816,268.881,2.101,20772290560,0,0
vllm,complete,in512-out128-c1,3,55.167,27.968,3612.892,35.052,0.274,20774387712,0,0
vllm,complete,in512-out128-c32,3,2017.795,30.447,5896.586,517.048,4.039,20814233600,0,0
vllm,complete,in512-out128-c8,3,134.36,29.492,3881.499,260.846,2.038,20814233600,0,0
